Job ID,Job URL,Job Title,Company Name,Status,Timestamp,WP ID
235f7782fe6eb2e3,https://si.linkedin.com/jobs/view/uzp-orodjar-m-%C5%BE-at-lth-castings-4436933530,UZP ORODJAR (m/ž),,scraped,2026-07-07T02:02:28.169789,
88e6112b42f0dfc6,https://si.linkedin.com/jobs/view/google-ads-manager-at-tasty-dose-4423006244,Google Ads Manager,,scraped,2026-07-07T02:02:35.451145,
accf73c9d2221e06,https://si.linkedin.com/jobs/view/splo%C5%A1na-prijava-at-a1-slovenija-d-d-4326787305,Splošna prijava,,scraped,2026-07-07T02:02:48.705405,
2a14564d288164c4,https://si.linkedin.com/jobs/view/kalkulant-ka-at-strabag-4437400768,Kalkulant/ka,,scraped,2026-07-07T02:02:56.895102,
82654f2442b7446e,https://si.linkedin.com/jobs/view/carinik-31239-oddelek-za-mejno-kontrolo-luka-koper-finan%C4%8Dni-urad-koper-at-vlada-republike-slovenije-4436902318,"Carinik (31239), Oddelek za mejno kontrolo Luka Koper, Finančni urad Koper",,scraped,2026-07-07T02:03:03.968112,
ff619ca14845c637,https://si.linkedin.com/jobs/view/meta-ads-advertiser-at-tasty-dose-4423005406,Meta Ads Advertiser,Tasty Dose,posted,2026-07-07T02:03:24.090670,19
83f4655b89ec32d5,https://si.linkedin.com/jobs/view/commercial-costing-planner-at-mahle-4435561866,Commercial Costing Planner,,scraped,2026-07-07T02:03:26.608407,
466e7b5ce5d592ee,https://si.linkedin.com/jobs/view/user-acquisition-manager-at-meetminded-4424086104,User Acquisition Manager,MeetMinded,posted,2026-07-07T02:03:46.036083,21
47a931118dea0f40,https://si.linkedin.com/jobs/view/ocenjevalec-vrednosti-nepremi%C4%8Dnin-m-%C5%BE-at-valmea-4432381186,Ocenjevalec vrednosti nepremičnin (m/ž),,scraped,2026-07-07T02:03:48.647894,
345ac0a3a85dbd2a,https://si.linkedin.com/jobs/view/namestnik-vodje-trgovine-m-%C5%BE-jesenice-at-jysk-4433163697,"Namestnik vodje trgovine (m/ž), Jesenice",,scraped,2026-07-07T02:03:55.209834,
47d422e0e85aec45,https://si.linkedin.com/jobs/view/finan%C4%8Dni-izterjevalec-svetovalec-4071-oddelek-za-izvr%C5%A1bo-3-se%C5%BEana-finan%C4%8Dni-urad-koper-at-vlada-republike-slovenije-4436797457,"Finančni izterjevalec svetovalec (4071), Oddelek za izvršbo 3 - Sežana, Finančni urad Koper",,scraped,2026-07-07T02:04:01.896660,
9a625bd1ba1da41e,https://si.linkedin.com/jobs/view/komercialni-direktor-m-%C5%BE-at-magistrat-international-4431592183,Komercialni direktor (m/ž),,scraped,2026-07-07T02:04:08.811451,
86ab5ec39a8b75c6,https://si.linkedin.com/jobs/view/junior-technical-project-specialist-at-fyst-4435805524,Junior Technical Project Specialist,,scraped,2026-07-07T02:04:15.619336,
06cd3473b9d1f3e7,https://si.linkedin.com/jobs/view/junior-senior-medical-sales-representative-austria-at-geneplanet-4433750481,Junior/Senior Medical Sales Representative - Austria,,scraped,2026-07-07T02:04:22.688054,
06c4e3bd4742bdae,https://si.linkedin.com/jobs/view/sekretar-v-sektorju-za-mednarodne-zadeve-in-odnose-z-javnostmi-dm-70008-urad-vlade-republike-slovenije-za-informacijsko-varnost-at-vlada-republike-slovenije-4436906143,Sekretar v Sektorju za mednarodne zadeve in odnose z javnostmi (DM 70008) | Urad Vlade Republike Slovenije za informacijsko varnost,,scraped,2026-07-07T02:04:29.730236,
61671bad5e9fc74d,https://si.linkedin.com/jobs/view/people-experience-lead-at-paymentology-4436351320,People Experience Lead,,scraped,2026-07-07T02:04:36.581436,
40f3223741b34a28,https://si.linkedin.com/jobs/view/head-of-sales-at-the-studio-4435450591,Head of Sales,,scraped,2026-07-07T02:04:43.874412,
b89c0633e3afecd4,https://si.linkedin.com/jobs/view/finan%C4%8Dni-kontrolor-svetovalec-4042-oddelek-za-informiranje-in-register-finan%C4%8Dni-urad-hrastnik-at-vlada-republike-slovenije-4436905185,"Finančni kontrolor svetovalec (4042), Oddelek za informiranje in register, Finančni urad Hrastnik",,scraped,2026-07-07T02:06:29.943392,
bbdb37921732748b,https://si.linkedin.com/jobs/view/partnerships-lead-at-fyst-4435808423,Partnerships Lead,,scraped,2026-07-07T02:06:36.995681,
5cd635b23a52cbb3,https://si.linkedin.com/jobs/view/key-account-manager-at-agencija-epic-4433942786,Key Account Manager,,scraped,2026-07-07T02:06:44.406509,
8a65fda7ecf64539,https://si.linkedin.com/jobs/view/in%C5%BEenir-za-razvoj-dobaviteljev-m-%C5%BE-at-lth-castings-4436927827,INŽENIR ZA RAZVOJ DOBAVITELJEV (m/ž),,scraped,2026-07-07T02:06:51.252471,
c4de737d71b97bc5,https://si.linkedin.com/jobs/view/head-of-growth-at-meetminded-4424577033,Head of Growth,,scraped,2026-07-07T02:06:58.414263,
dcdda149e1ac8f2c,https://si.linkedin.com/jobs/view/cards-payments-product-manager-at-otp-banka-slovenija-4433775801,Cards & payments product manager,,scraped,2026-07-07T02:07:21.224078,
5e63e5837bbb94d2,https://si.linkedin.com/jobs/view/technical-product-specialist-at-better-4433178657,Technical Product Specialist,,scraped,2026-07-07T02:07:29.079116,
275eded095cecaea,https://si.linkedin.com/jobs/view/account-manager-at-netcracker-technology-4409408368,Account Manager,Netcracker Technology,posted,2026-07-07T02:07:44.406117,23
721a7f4af50c4956,https://si.linkedin.com/jobs/view/performance-email-marketing-specialist-klaviyo-at-byrokko-4432339025,Performance / Email Marketing Specialist (Klaviyo),,scraped,2026-07-07T02:07:47.011666,
b8cb4f5e14e39dca,https://si.linkedin.com/jobs/view/analitik-v-reviziji-at-deloitte-4384474285,Analitik v reviziji,Deloitte,posted,2026-07-07T02:08:28.478425,25
71c14a401aa0135f,https://si.linkedin.com/jobs/view/coordinator-%E2%80%93-apple-brand-advocacy-pos-experience-at-apcom-slovenia-4432372481,Coordinator – Apple Brand Advocacy & POS Experience,,scraped,2026-07-07T02:08:31.525365,
996aaafcc6d35d66,https://si.linkedin.com/jobs/view/amazon-marketing-manager-at-disrupt-4434398451,Amazon Marketing Manager,DISRUPT,posted,2026-07-07T02:08:49.470870,27
6e8dda97ece3a748,https://si.linkedin.com/jobs/view/senior-value-chain-development-expert-at-ntu-international-a-s-4436478946,Senior Value Chain Development Expert,,scraped,2026-07-07T02:08:52.130278,
256b5b09188199bc,https://si.linkedin.com/jobs/view/sales-appoinment-setter-marketing-at-swissulife-media-4433161547,Sales Appoinment Setter - Marketing,Swissulife Media,posted,2026-07-07T02:09:09.582759,29
3944237daded872f,https://si.linkedin.com/jobs/view/technical-officer-mep-at-asmacs-qatar-4433980798,Technical Officer Mep,,scraped,2026-07-07T02:09:12.292932,
f2a76acc2c2cae30,https://si.linkedin.com/jobs/view/key-account-manager-at-kariera-slovenija-4435086595,Key Account Manager,,scraped,2026-07-07T02:09:18.921868,
9dabad8a8c3604b6,https://si.linkedin.com/jobs/view/performance-advertiser-ka-social-media-manager-ka-at-agencija-epic-4436487507,Performance Advertiser/ka & Social Media Manager/ka,,scraped,2026-07-07T02:09:26.095776,
01fe4fa5dac4222c,https://si.linkedin.com/jobs/view/surgical-technician-per-diem-at-novamed-4435373965,Surgical Technician - Per Diem,,scraped,2026-07-07T02:09:32.568454,
baaaa7b992bddaf6,https://si.linkedin.com/jobs/view/service-manager-at-e2e-d-o-o-4437171057,Service Manager,E2E d.o.o.,posted,2026-07-07T02:10:57.709834,31
2493ec30db670215,https://si.linkedin.com/jobs/view/functional-electrical-engineer-at-topfibra-italy-s-r-l-4432759404,Functional Electrical Engineer,,scraped,2026-07-07T02:11:00.312268,
ceb266ddfbf44198,https://si.linkedin.com/jobs/view/growth-marketer-manager-at-influee-4435105107,Growth Marketer (Manager),,scraped,2026-07-07T02:11:08.931027,
1de6b1c639506c1a,https://si.linkedin.com/jobs/view/key-account-manager-dach-at-pirnar-global-4431571586,Key Account Manager - DACH,,scraped,2026-07-07T02:11:40.209615,
d13d119dbdfb2869,https://si.linkedin.com/jobs/view/pripravnik-finan%C4%8Dni-kontrolor-svetovalec-2013-oddelek-za-nepremi%C4%8Dnine-in-drugo-obdav%C4%8Ditev-finan%C4%8Dni-urad-maribor-at-vlada-republike-slovenije-4436902317,"Pripravnik finančni kontrolor svetovalec (2013), Oddelek za nepremičnine in drugo obdavčitev, Finančni urad Maribor",,scraped,2026-07-07T02:11:48.665102,
811f30dd2061aad4,https://si.linkedin.com/jobs/view/sales-specialist-at-zoomlion-4434961493,Sales Specialist,,scraped,2026-07-07T02:11:55.789733,
cfc8fbcb0d9683e2,https://si.linkedin.com/jobs/view/pripravnik-finan%C4%8Dni-kontrolor-svetovalec-2013-oddelek-za-dohodnino-2-finan%C4%8Dni-urad-maribor-at-vlada-republike-slovenije-4436792575,"Pripravnik finančni kontrolor svetovalec (2013), Oddelek za dohodnino 2, Finančni urad Maribor",,scraped,2026-07-07T02:13:06.496138,
19373bb3c2be3503,https://si.linkedin.com/jobs/view/finan%C4%8Dni-kontrolor-svetovalec-2013-oddelek-za-dohodnino-od-dobi%C4%8Dka-iz-kapitala-pri-odsvojitvi-nepremi%C4%8Dnin-finan%C4%8Dni-urad-bre%C5%BEice-at-vlada-republike-slovenije-4436797455,"Finančni kontrolor svetovalec (2013), Oddelek za dohodnino od dobička iz kapitala pri odsvojitvi nepremičnin, Finančni urad Brežice",,scraped,2026-07-07T02:13:13.692538,
02d91000e02782d3,https://si.linkedin.com/jobs/view/specialist-pogodbenega-poslovanja-contract-manager-at-litostroj-power-4434956372,Specialist pogodbenega poslovanja / Contract Manager,,scraped,2026-07-07T02:13:20.982688,
1b35bce011e1389c,https://si.linkedin.com/jobs/view/payments-orchestration-specialist-at-fyst-4437468158,Payments Orchestration Specialist,,scraped,2026-07-07T02:13:28.627020,
ab7c517c6fef85c1,https://si.linkedin.com/jobs/view/growth-marketer-at-the-flex-4436776438,Growth Marketer,,scraped,2026-07-07T02:13:35.729620,
30ccd56e8405fcf3,https://si.linkedin.com/jobs/view/prodajni-predstavnik-sales-executive-b2b-slovenia-at-mediaboard-4437179637,Prodajni predstavnik / Sales Executive (B2B) Slovenia,,scraped,2026-07-07T02:14:46.358253,
d3b4bd8b24a6f05c,https://si.linkedin.com/jobs/view/ai-video-creator-at-the-flex-4436767826,AI Video Creator,,scraped,2026-07-07T02:14:55.037818,
4d8fd68ba56fca62,https://si.linkedin.com/jobs/view/public-private-partnerships-ppp-advisor-based-in-luxembourg-at-european-investment-bank-eib-4435815331,Public Private Partnerships (PPP) Advisor - based in Luxembourg,,scraped,2026-07-07T02:15:02.101369,
e27f4858ddd26995,https://si.linkedin.com/jobs/view/senior-user-acquisition-manager-at-ruby-labs-4437447958,Senior User Acquisition Manager,,scraped,2026-07-07T02:15:09.278167,
1262f5c2f30b3db1,https://si.linkedin.com/jobs/view/%D1%81%2B%2B-developer-at-broadridge-4423141694,С++ developer,Broadridge,posted,2026-07-07T02:15:38.518465,33
19299e72677cea4e,https://si.linkedin.com/jobs/view/mre%C5%BEni-in%C5%BEenir-m-%C5%BE-at-perftech-d-o-o-4433943767,"Mrežni inženir, m/ž",,scraped,2026-07-07T02:15:41.487844,
3488bba7fb6852e6,https://si.linkedin.com/jobs/view/senior-director-m-f-d-hydronic-energy-solutions-at-danfoss-4437405632,Senior Director (m/f/d) Hydronic Energy Solutions,,scraped,2026-07-07T02:15:49.800343,
332d460511c0c8ea,https://si.linkedin.com/jobs/view/network-engineer-m-%C5%BE-at-manpower-4435531013,Network Engineer m/ž,,scraped,2026-07-07T02:15:56.910893,
5ad9110dbb31f7e4,https://si.linkedin.com/jobs/view/architect-at-arhem-d-o-o-pasivna-arhitektura-passive-house-designers-and-builders-4433701229,Architect,ARHEM d.o.o. - Pasivna arhitektura - Passive House Designers and Builders,posted,2026-07-07T02:16:47.085183,35
38f74fe74e067f70,https://si.linkedin.com/jobs/view/data-platform-engineering-manager-at-kraken-4415669321,Data Platform Engineering Manager,,scraped,2026-07-07T02:16:49.761593,
795fca96ae1455a8,https://si.linkedin.com/jobs/view/senior-data-scientist-at-zurich-insurance-4435539266,Senior Data Scientist,,scraped,2026-07-07T02:17:48.432334,
c0ce7adbad3ef126,https://si.linkedin.com/jobs/view/tehni%C4%8Dno-prodajni-svetovalec-za-komunalno-infrastrukturo-m-%C5%BE-at-zago%C5%BEen-d-o-o-4432361343,Tehnično-prodajni svetovalec za komunalno infrastrukturo (m/ž),,scraped,2026-07-07T02:17:55.701303,
5c8a7e40182523a1,https://si.linkedin.com/jobs/view/chef-de-partie-sous-chef-wanted-for-top-5-star-gastronomy-ref-2963828483-m-f-d-at-av-group-4432342246,Chef de Partie / Sous Chef wanted for Top 5-Star Gastronomy | Ref.: 2963828483 (m/f/d),,scraped,2026-07-07T02:18:03.312196,
760b5a7e8e73e904,https://si.linkedin.com/jobs/view/sap-logistics-consultant-sd-s-4hana-at-epam-systems-4418754603,"SAP Logistics Consultant SD, S/4HANA",EPAM Systems,posted,2026-07-07T02:20:11.653952,37
489e825605a24750,https://si.linkedin.com/jobs/view/engineering-roles-abroad-%E2%80%93-eaton-is-hiring-multilingual-talent-at-eaton-4273562302,Engineering roles abroad – Eaton is hiring multilingual talent,Eaton,posted,2026-07-07T02:20:49.059699,39
97f1d05b9c3c2640,https://si.linkedin.com/jobs/view/mlaj%C5%A1i-strokovni-sodelavec-za-ra%C4%8Dunovodstvo-m-%C5%BE-at-inter-cars-slovenija-4431908985,Mlajši strokovni sodelavec za računovodstvo (M/Ž),Inter Cars Slovenija,posted,2026-07-07T02:22:06.346472,41
71e56462079a6355,https://si.linkedin.com/jobs/view/senior-health-safety-specialist-at-hisense-europe-4374250701,Senior  Health & Safety Specialist,Hisense Europe,posted,2026-07-07T02:22:28.729848,43
cac487dc282b8457,https://si.linkedin.com/jobs/view/senior-software-engineers-senior-programski-in%C5%BEenirji-m-%C5%BE-at-valhalla-turrets-4431669890,Senior Software Engineers / Senior Programski inženirji (m/ž),,scraped,2026-07-07T02:22:31.714609,
865bca3e347a3d8e,https://si.linkedin.com/jobs/view/prodajalec-m-%C5%BE-jesenice-at-jysk-4433165631,"Prodajalec (m/ž), Jesenice",,scraped,2026-07-07T02:22:48.186395,
79f06ef3004bcbe1,https://si.linkedin.com/jobs/view/support-associate-full-time-students-ljubljana-at-wolt-4436019684,Support Associate (Full-time & Students) - Ljubljana,,scraped,2026-07-07T02:22:58.285099,
21e4bb719ff1c7ce,https://si.linkedin.com/jobs/view/slovenian-prompt-creation-expert-at-welo-data-4435449885,Slovenian Prompt Creation Expert,,scraped,2026-07-07T02:23:06.305605,
e0658ba2751da323,https://si.linkedin.com/jobs/view/as-t-specialist-m-%C5%BE-d-at-novartis-in-slovenia-4425321355,AS&T Specialist (m/ž/d),,scraped,2026-07-07T02:23:33.979066,
dabd091fec680aa6,https://si.linkedin.com/jobs/view/spare-parts-sales-prodajalec-prodajalka-rezervnih-delov-at-textron-4434690496,Spare Parts Sales / Prodajalec-prodajalka rezervnih delov,,scraped,2026-07-07T02:23:40.780317,
7b69731e1350d2e7,https://si.linkedin.com/jobs/view/vi%C5%A1ji-finan%C4%8Dni-kontrolor-specialist-2014-oddelek-za-nepremi%C4%8Dnine-1-finan%C4%8Dni-urad-ljubljana-2-prosti-delovni-mesti-at-vlada-republike-slovenije-4436905184,"Višji finančni kontrolor specialist (2014), Oddelek za nepremičnine 1, Finančni urad Ljubljana - 2 prosti delovni mesti",,scraped,2026-07-07T02:23:59.526224,
b4d6ef4856161a12,https://si.linkedin.com/jobs/view/vzdr%C5%BEevalec-strojni-m-%C5%BE-at-lth-castings-4436940123,VZDRŽEVALEC STROJNI (m/ž),,scraped,2026-07-07T02:24:06.705664,
fee6c7b5ebf2f09e,https://si.linkedin.com/jobs/view/quality-control-assistant-%C5%BE-m-d-at-freudenberg-performance-materials-4428690714,Quality Control Assistant (ž/m/d),,scraped,2026-07-07T02:24:13.671408,
e3bf5d85d598f9ed,https://si.linkedin.com/jobs/view/tehnolog-robotik-m-%C5%BE-interni-razpis-at-lth-castings-4436937305,TEHNOLOG ROBOTIK (m/ž) - interni razpis,,scraped,2026-07-07T02:25:26.023590,
436b31c37aad9280,https://si.linkedin.com/jobs/view/global-technical-steward-medical-devices-m-f-d-at-novartis-in-slovenia-4414826870,Global Technical Steward Medical Devices (m/f/d),,scraped,2026-07-07T02:25:33.135255,
ceae054f0008c8be,https://si.linkedin.com/jobs/view/data-lead-growth-analytics-at-meetminded-4424560940,Data Lead (Growth & Analytics),,scraped,2026-07-07T02:25:39.895787,
7219123513a8610d,https://si.linkedin.com/jobs/view/as-t-specialist-iii-m-%C5%BE-d-at-novartis-in-slovenia-4384437952,AS&T Specialist III (m/ž/d),,scraped,2026-07-07T02:25:47.124531,
4bc43957dcb6b69d,https://si.linkedin.com/jobs/view/senior-data-scientist-at-meetminded-4435509894,Senior Data Scientist,,scraped,2026-07-07T02:25:53.376715,
015173333c48cac5,https://si.linkedin.com/jobs/view/sodelavec-za-obra%C4%8Dun-provizij-m-%C5%BE-at-generali-slovenija-4433149713,Sodelavec za obračun provizij (m/ž),,scraped,2026-07-07T02:26:00.072612,
630051e702177587,https://si.linkedin.com/jobs/view/ai-developer-at-tasty-dose-4423330488,AI Developer,,scraped,2026-07-07T02:26:09.036582,
f98e8be23517efdd,https://si.linkedin.com/jobs/view/electrical-technician-f-m-d-at-freudenberg-performance-materials-4376819969,Electrical Technician (f/m/d),,scraped,2026-07-07T02:26:22.596575,
f0059c0fee85d783,https://si.linkedin.com/jobs/view/mid-senior-account-manager-at-blueocean-gaming-4435105961,Mid/Senior Account Manager,BlueOcean Gaming,posted,2026-07-07T02:26:44.031808,45
3bd5273ead594432,https://si.linkedin.com/jobs/view/sodelavec-ka-za-delo-v-trgovini-at-wolt-4436030552,Sodelavec/ka za delo v trgovini,,scraped,2026-07-07T02:26:46.945952,
b7d603609a7e8801,https://si.linkedin.com/jobs/view/pripravnik-finan%C4%8Dni-kontrolor-svetovalec-4042-oddelek-za-informiranje-in-register-finan%C4%8Dni-urad-celje-at-vlada-republike-slovenije-4436792577,"Pripravnik finančni kontrolor svetovalec (4042), Oddelek za informiranje in register, Finančni urad Celje",,scraped,2026-07-07T02:26:54.408275,
e12002e4aa2efb1d,https://si.linkedin.com/jobs/view/direktor-oddelka-upravljanja-podatkov-in-umetne-inteligence-head-of-data-and-ai-governance-m-%C5%BE-at-otp-banka-slovenija-4432799001,Direktor Oddelka upravljanja podatkov in umetne inteligence (Head of Data and AI Governance) (m/ž),,scraped,2026-07-07T02:27:01.467943,
c8c0ae58e8d677c6,https://si.linkedin.com/jobs/view/pripravnik-finan%C4%8Dni-kontrolor-svetovalec-2013-oddelek-za-dohodnino-1-finan%C4%8Dni-urad-maribor-at-vlada-republike-slovenije-4436787865,"Pripravnik finančni kontrolor svetovalec (2013), Oddelek za dohodnino 1, Finančni urad Maribor",,scraped,2026-07-07T02:27:09.331546,
a9429621d1830f4d,https://si.linkedin.com/jobs/view/pripravnik-finan%C4%8Dni-kontrolor-svetovalec-4042-oddelek-za-rezidentstvo-finan%C4%8Dni-urad-velenje-at-vlada-republike-slovenije-4436785970,"Pripravnik finančni kontrolor svetovalec (4042), Oddelek za rezidentstvo, Finančni urad Velenje",,scraped,2026-07-07T02:27:16.192808,
19e1b37be90089bf,https://si.linkedin.com/jobs/view/pripravnik-finan%C4%8Dni-kontrolor-svetovalec-2013-oddelek-za-ddv-finan%C4%8Dni-urad-koper-at-vlada-republike-slovenije-4436903228,"Pripravnik finančni kontrolor svetovalec (2013), Oddelek za DDV, Finančni urad Koper",,scraped,2026-07-07T02:27:23.526706,
6dc68ad9999dab06,https://si.linkedin.com/jobs/view/chief-sap-fico-consultant-at-epam-systems-4364140853,Chief SAP FICO Consultant,EPAM Systems,posted,2026-07-07T02:27:43.362852,47
b68b3d4fa043279e,https://si.linkedin.com/jobs/view/sap-logistics-consultant-sd-s-4hana-at-epam-systems-4418762477,"SAP Logistics Consultant SD, S/4HANA",EPAM Systems,scraped,2026-07-07T02:27:57.163043,
3d576493ed2d16b9,https://si.linkedin.com/jobs/view/senior-software-engineer-python-agent-evaluation-freelance-remote-100%2B-openings-at-braintrust-4436123811,Senior Software Engineer (Python) - Agent Evaluation - Freelance/Remote 100+ openings,,scraped,2026-07-07T02:27:59.758279,
50b724de57318a31,https://si.linkedin.com/jobs/view/senior-software-engineer-java-remote-work-ref%23293739-at-bairesdev-4426562407,Senior Software Engineer (Java) - Remote Work | REF#293739,BairesDev,posted,2026-07-07T02:28:32.735903,49
101e0581188abb17,https://si.linkedin.com/jobs/view/podjetni%C5%A1ki-svetovalec-na-spot-to%C4%8Dki-vem-postopki-svetovanje-in-organizacija-seminarjev-oz-dogodkov-4432391690,"Podjetniški svetovalec na SPOT točki/VEM postopki, svetovanje in organizacija seminarjev oz. dogodkov",Regional Chamber od Craft and Small Business - Novo mesto,posted,2026-07-07T02:28:41.485393,51
05d3aab266952389,https://si.linkedin.com/jobs/view/ai-transformation-enablement-analyst-at-loftware-4436352479,AI Transformation & Enablement Analyst,,scraped,2026-07-07T02:28:44.563515,
ed833b92ea4412f2,https://si.linkedin.com/jobs/view/ed78b-handler-id-at-fedex-4425493705,ED78B: Handler (ID),FedEx,posted,2026-07-07T02:29:02.798164,53
6ec0547744223362,https://si.linkedin.com/jobs/view/specialist-kontrole-kakovosti-m-%C5%BE-d-at-novartis-in-slovenia-4406760596,Specialist kontrole kakovosti (m/ž/d),,scraped,2026-07-07T02:29:05.422742,
7449fa07518790b8,https://si.linkedin.com/jobs/view/mehanik-m-%C5%BE-d-at-novartis-in-slovenia-4433125425,Mehanik (m/ž/d),,scraped,2026-07-07T02:29:12.117630,
e88b85b25017fa01,https://si.linkedin.com/jobs/view/senior-platform-engineer-kubernetes-remote-work-ref%23294068-at-bairesdev-4426544539,Senior Platform Engineer (Kubernetes) - Remote Work | REF#294068,,scraped,2026-07-07T02:29:18.401076,
68d3c57d76312908,https://si.linkedin.com/jobs/view/staff-software-engineer-java-remote-work-ref%23290047-at-bairesdev-4420470151,Staff Software Engineer (Java) - Remote Work | REF#290047,,scraped,2026-07-07T02:29:25.824565,
bd95f5f68be6b945,https://si.linkedin.com/jobs/view/senior-quality-engineer-java-remote-work-ref%23293871-at-bairesdev-4426554418,Senior Quality Engineer (Java) - Remote Work | REF#293871,,scraped,2026-07-07T02:29:44.075955,
f721a098f0e337e3,https://si.linkedin.com/jobs/view/senior-java-backend-developer-remote-work-ref%23290307-at-bairesdev-4420462571,Senior Java Backend Developer - Remote Work | REF#290307,,scraped,2026-07-07T02:30:09.671263,
69d1bce2476f48c7,https://si.linkedin.com/jobs/view/senior-software-engineer-java-%2B-observability-remote-work-ref%23293937-at-bairesdev-4426568381,Senior Software Engineer (Java + Observability) - Remote Work | REF#293937,,scraped,2026-07-07T02:30:25.733075,
2e7cd2eba4d0dd89,https://si.linkedin.com/jobs/view/senior-software-engineer-go-%2B-kubernetes-remote-work-ref%23294010-at-bairesdev-4426568385,Senior Software Engineer (Go + Kubernetes) - Remote Work | REF#294010,,scraped,2026-07-07T02:30:33.804885,
676e0d8a5d72fc73,https://si.linkedin.com/jobs/view/senior-software-engineer-scala-remote-work-ref%23290237-at-bairesdev-4420453856,Senior Software Engineer (Scala) - Remote Work | REF#290237,,scraped,2026-07-07T02:30:40.698742,
862fe2decd3a0a34,https://si.linkedin.com/jobs/view/software-development-engineer-in-test-ii-sdet-ii-pro-at-kraken-4415707939,Software Development Engineer in Test II (SDET II) - Pro,,scraped,2026-07-07T02:31:12.340799,
13ffd5e6ecec57e1,https://si.linkedin.com/jobs/view/senior-software-engineer-c%2B%2B-remote-work-ref%23289928-at-bairesdev-4420464522,Senior Software Engineer (C++) - Remote Work | REF#289928,,scraped,2026-07-07T02:31:31.454960,
f8650a6455c56d53,https://si.linkedin.com/jobs/view/senior-software-engineer-java-remote-work-ref%23290003-at-bairesdev-4420452843,Senior Software Engineer (Java) - Remote Work | REF#290003,,scraped,2026-07-07T02:31:39.025866,
